1$Jordbær, rå$Strawberry, raw
2$Æble, uspec., råt$Apple, raw, all varieties
3$Banan, rå$Banana, raw
4$Kartoffel, uspec., rå$Potato, raw
5$Hindbær, rå$Raspberry, raw
6$Sødmælk, konventionel (ikke-økologisk)$Milk, whole, konventional (not organic), 3.5 % fat
8$Persille, rå$Parsley, raw
9$Pære, rå$Pear, raw
10$Rabarber, rå$Rhubarb, raw
11$Solbær, rå$Currant, black, raw
12$Yoghurt naturel, sødmælk$Yogurt plain, whole milk
13$Bladselleri, rå$Celery, raw
14$Blomkål, uspec., rå$Cauliflower, all varieties, raw
15$Blomme, rå$Plum, raw
16$Blåbær, rå$Blueberries, raw
17$Broccoli, rå$Broccoli, raw
18$Brombær, rå$Blackberry, raw
19$Brune bønner, tørrede, rå$Beans, brown, dried, raw
20$Voksbønner, rå$Beans, wax, raw
21$Citron, rå$Lemon, raw
22$Dild, rå$Dill, raw
23$Grønkål, rå$Kale, raw
24$Gulerod, uspec., rå$Carrot, raw
25$Hornfisk, rå$Garfish, raw
26$Hvidkål, rå$Cabbage, white, raw
27$Hyben, rå$Rose hip, raw
28$Hyldebær, rå$Elderberry, raw
29$Kirsebær, rå$Cherry, raw
30$Laks, atlantisk, vild, rå$Salmon, Atlantic, wild, raw
31$Majskolbe, rå$Sweetcorn, on-the-cob, raw
32$Kærnemælk$Milk, buttermilk
33$Letmælk, konventionel (ikke-økologisk)$Milk, partly skimmed, konventional (not organic), 1.5 % fat
34$Makrel, rå$Mackerel, raw
35$Mandel, rå$Almond, raw
36$Vandmelon, rå$Watermelon, raw
37$Peberfrugt, grøn, rå$Pepper, sweet, green, raw
38$Peberfrugt, rød, rå$Pepper, sweet, red, raw
39$Radise, rå$Radish, raw
40$Ribs, rå$Currant, red, raw
41$Rosenkål, uspec., rå$Brussels sprouts, raw
43$Rødbede, rå$Beet, red, raw
44$Rødkål, rå$Cabbage, red, raw
45$Rødspætte, rå$Plaice, raw
46$Selleri, rod, rå$Celeriac, celery root, raw
47$Sild, marineret$Herring, pickled, canned
48$Sild, rå$Herring, raw
49$Spidskål, rå$Cabbage, spring, raw
50$Spinat, rå$Spinach, raw
51$Stikkelsbær, rå$Gooseberry, raw
52$Tomat, uspec., rå$Tomato, ripe, raw, origin unknown
53$Vand, drikke-, vejl. værdier$Water, tap, drinking, average values
54$Vindrue, rå$Grape, raw
55$Grønne ærter, rå$Peas, green, raw
56$Squash, zucchini, rå$Squash, zucchini, raw
57$Artiskok, rå$Artichoke, raw
58$Mungbønner, tørrede, rå$Beans, mung, dried, raw
59$Havregryn, uspec.$Oats, rolled, average values
60$Rugmel, groft, fuldkornsrugmel$Rye flour, dark, whole meal
61$Grahamsmel, fuldkornshvedemel$Wheat, flour, wholemeal
62$Ingefær, rod, rå$Ginger root, raw
63$Okra, gumbo, rå$Okra, raw
64$Asparges, grønne, rå$Asparagus, green, raw
65$Fennikel, knold, rå$Fennel, root, raw
66$Mørksej, rå$Saithe, raw
67$Boghvede, hel, rå$Buckwheat, whole, raw
69$Aubergine, rå$Aubergine (eggplant), raw
70$Appelsin, rå$Orange, raw
71$Lammekød, kølle, uspec., rå$Lamb, leg, average values, raw
72$Torsk, filet, rå$Cod, fillet, raw
73$Feta, 40+$Cheese, semihard, Feta, 40 % fidm
74$Grisekød, nakkekam med svær, rå$Pork, collar with rind, raw
76$Risengryn, grødris, brune, rå$Rice groats, brown, raw
77$Sukker, stødt melis (saccharose)$Sugar, sucrose, white
78$Grisefedt, afsmeltet, Raffinol$Lard, pork, refined, Raffinol
79$Grisefedt, afsmeltet$Lard, pork
81$Mineralvand, dansk vand o.lign.$Water, bottled, carbonated
82$Mineralvand, sodavand, uden tilsat sukker, uspec.$Soft drink, no sugar added, average values
85$Fiskeolie, hydrogeneret$Fish oil, hydrogenated
87$Gås, kød og skind, rå$Goose, flesh and skin, raw
88$Kokosnød, rå$Nut, coco, raw
89$Snacks, ekspanderet, kartoffelbasis$Snacks, expanded, potatobasis
90$Salat, mayonnaise-, makrel-$Mackerel mayonnaise salad
91$Læskedrik (light), koncentreret (1+10), uden tilsat sukker, uspec.$Non-alcoholic beverage (light), concentrated (1+10), no sugar added
92$Soja sauce$Soya sauce
94$Ost, fast, 40+, alle typer$Cheese, firm, 40 % fidm., all varieties
95$Ylette naturel$Ymer, low fat
97$Mozzarella, 45+$Cheese, semihard, Mozzarella, 45 % fidm.
98$Smelteost, 45+$Cheese, processed, 45 % fidm.
101$And, kød og skind, rå$Duck, flesh and skin, raw
102$Sigtemel$Rye-flour, wheat-flour, bolted
103$Buddingpulver$Pudding powder
108$Havarti, 30+$Cheese, semihard, Havarti, 30 % fidm.
109$Danbo, 45+$Cheese, firm, Danbo, 45 % fidm.
110$Rullepølse, lammekød, pålæg$Lamb, flank, spiced, cooked
114$Løg, ristede$Onions, chopped and deepfried
115$Te, drikkeklar, uspec.$Tea, ready-to-drink
116$Kastanje, ægte, rå$Chestnut, raw
117$Kaffe, instant, drikkeklar$Coffee, instant, prepared with water
118$Esrom, 45+$Cheese, semihard, Esrom, 45 % fidm.
129$Mineralvand, sodavand, tilsat sukker, uspec.$Soft drink, sugar added
131$Elbo, 40+$Cheese, firm, Elbo, 40 % fidm.
132$Kartoffelchips, grove$Potato crisps, coarse
136$Roquefort, 50+$Cheese, Roquefort, Danish, 50 % fidm.
137$Kaffe, instant, decaffeinated, drikkeklar$Coffee, instant, decaffeinated, prepared with water
138$Danablu 50+$Cheese, Danish Blue, 50 % fidm.
139$Brie, 60+$Cheese, Brie, 60 % fidm.
141$Bacon, kogestykke, rå$Bacon, stewing, raw
142$Kaffe, drikkeklar$Coffee, beverage
143$Rugkerner, hele/knækkede$Rye kernels, whole/cracked
144$Leverpølse, pålæg$Sausage, liver sausage
146$Creme fraiche 50 %$Cream, cultured, 50 % fat
148$Ost, fast, 45+, alle typer$Cheese, firm, 45 % fidm., all varieties
149$Hørfrø, rå$Linseeds, raw
150$Jordnød, tørret$Nut, pea, dried
151$Mælkeis, uspec.$Ice cream, dairy, (wholemilk based)
152$Fløde 50 %$Cream, 50 % fat
153$Peber, hvid$Pepper, white
154$Sojamel$Soya flour, full fat
156$Ris, brune, rå$Rice, brown, raw
158$Skummetmælkspulver$Milk, dry, skimmed, powder
161$Havarti, 45+$Cheese, semihard, Havarti, 45 % fidm.
162$Hyben pulver, tørret$Rose hip, dried, powder
163$Østers, rå$Oyster, raw
164$Hvidvin, tør$Wine, white, dry
165$Fiskeboller, konserves$Fish balls, canned
166$Rugbrød, revet, med brunt sukker, uspec.$Rye bread crumbs with brown sugar, average values
167$Hvidvin, uspec.$Wine, white, average values
168$Hvidvin, Rhinskvin$Wine, white, Rhine wine
169$Tomat, soltørret$Tomato, dried
170$Ymer naturel$Ymer
171$Rødvin, rosévin, uden alkohol$Wine, red, rosé, non-alcoholic
173$Hvidvin, medium$Wine, white, medium
174$Småkage, finsk brød$Biscuit, sweet, 'Finnish'
175$Hvidvin, uden alkohol$Wine, white, non-alcoholic
176$Byggryn, rå$Barley groats, raw
178$Øl, let pilsner, 2.6 % vol.$Beer, lager, alc. 2.6 % by vol.
179$Risstivelse$Rice starch
180$Lakridskonfekt$Liquorice allsorts
181$Wienerbrød, spandauer$Danish pastry, square
182$Dressing, fransk$Salad dressing, French
183$Danablu 60+$Cheese, Danish Blue, 60 % fidm.
184$Fynbo, 45+$Cheese, firm, Fynbo, 45 % fidm.
187$Æg, høne, æggehvide, pasteuriseret$Eggs, chicken, egg white, pasteurized
188$Stenbider, røget$Lump, lumpsucker, smoked
189$Hvedekerner, hele/knækkede$Wheat, kernels, whole/cracked
191$Frugtsaft, blandet, usødet, koncentreret$Fruit juice, mixed, unsweetened, concentrated
192$Rasp$Bread-crumbs
194$Æblemost, uspec.$Apple juice, canned or bottled
198$Øl, pilsner, 4.4 % vol.$Beer, lager, alc. 4.4 % by vol.
199$Sagogryn (kartoffelstivelse)$Pearl-sago (potato starch)
203$Maribo, 45+$Cheese, firm, Maribo, 45 % fidm.
204$Sennep, brun, færdiglavet$Mustard, brown, ready made
205$Hvidløg, rå$Garlic, raw
206$Rosévin$Wine, rosé
207$Mayonnaise, fedtreduceret$Mayonnaise, low fat
208$Millionbøf, uspec.$Minced meat, spaghetti sauce type, average values
209$Samsø, 45+$Cheese, firm, Samsoe, 45 % fidm.
211$Spædbørnsmad, modermælkserstatning, lavt jernindhold, pulver$
212$Sherry, medium$Sherry, medium
213$Rødvin, uspec.$Wine, red
214$Chesire, 50+$Cheese, hard, Chesire, 50 % fidm.
215$Æg, høne, æggehvide, rå$Eggs, chicken, egg white, raw
216$Bacon, stegestykke, rå$Bacon, frying, raw
217$Vermouth, tør$Vermouth, dry
220$Vermouth, sød$Vermouth, sweet
221$Sveske, rå$Prune, dried plum
222$Tamarind, rå$Tamarind, Indian date, raw
223$Croissant$Pastry, croissant
224$Øl, ubeskattet, uspec.$Beer, Danish household, low alcohol, average values
225$Æg, høne, æggehvide, tørret$Eggs, chicken, egg white, dried
226$Eddike$Vinegar
228$Madeira$Madeira
229$Campari$Campari
230$Tebirkes$Pastry with poppy seeds
231$Ost, blå- og hvidskimmel, 70+$Cheese, Blue and white mould, 70 % fidm.
232$Hvidvin, sød$Wine, white, sweet
235$Bitter, uspec.$BITTER, all types, average values
236$Peber, sort$Pepper, black
238$Øl, mørkt hvidtøl$Beer, Danish household, low alcohol
240$Bitter, Gammel Dansk Bitter Dram$BITTER, Gammel Dansk Bitter Dram
245$Cognac$Brandy, cognac
246$Hvidvin, mousserende, champagne$Wine, white, sparkling, champagne
248$Svenbo, 45+$Cheese, firm, Svenbo, 45 % fidm.
249$Snaps, krydder-, uspec.$Aquavit, spiced, average values
250$Sherry, tør$Sherry, dry
251$Oliven, sorte, uden sten, i saltlage$Olives, black, without stones, in brine
256$Øl, Guld-, 5.6 % vol.$Beer, export, alc. 5.6 % by vol.
257$Spirituosa, gennemsnitlige værdier$Spirits, 70 % proof
258$Vodka$Vodka
259$Skærekage, citronkage$Plain cake, lemon cake
260$Bitter, krabask bitter$BITTER, Krabask Bitter
261$Emmentaler, 45+$Cheese, hard, Emmentaler, 45 % fidm.
263$Morgenmadsprodukt, Rice Krispies$Breakfast cereal, Rice Krispies
264$Snaps, 40 % vol., uspec.$Aquavit, 40 % vol., average values
266$Ispind, jordbær$Ice cream, dairy, popsickle, strawberry
267$Rødvin, spansk, sød$Wine, spanish red, sweet
268$Citronsaft, friskpresset$Lemon juice, fresh
270$Esrom, 60+$Cheese, semihard, Esrom, 60 % fidm.
271$Flødeyoghurt med frugt, 9 % fedt$Cream yoghurt, 9 % fat, with fruit
272$Tofu, sojabønneost$Tofu, soy bean curd
273$Portvin$Port
275$Grapefrugtjuice, konserves, usødet$Grapefruitjuice, canned, unswtnd.
276$Skærekage, chokoladekage/-pie$Plain cake, chocolate cake
277$Bouillon, hønsekød, spiseklar$Bouillon, chicken, prepared
279$Wienerbrød, kanelsnegl$Danish pastry, kanelsnegl
280$Wienerbrød, uspec.$Danish pastry, average values
281$Skærekage, formkage, uspec.$Plain cake, average values
282$Pop corn, traditionelle$Pop corn, oil and salt added, traditional
283$Bulgur (hvedekerner, knækkede, parboiled), rå$Wheat, cracked kernels, parboiled (bulgur), raw
285$Linsespirer, rå$Lentils, sprouted, raw
286$Whisky$Whisky
287$Spegepølse, oksekød$Sausage, beef salami
291$Havarti, 60+$Cheese, semihard, Havarti, 60 % fidm.
296$Øl, skatteklasse 3, uspec.$Beer, strong, alc. 7.6 % by vol.
300$Fløde 9 %, syrnet$Cream, cultured, 9 % fat
301$Pølse, tepølse$Pork/beef sausage, teewurst
302$Hasselnød, tørret$Nut, hazel (UK), filbert (USA), dried
303$Fløde 9 %$Cream, 9 % fat
305$Pasta, rå$Pasta, raw
307$Kvark, 5+$Cheese, Quarg, 5 % fidm.
308$Grana, 32+$Cheese, hard, Grana, 32 % fidm.
309$Parmesan, 32+$Cheese, hard, Parmesan, 32 % fidm.
313$Gin$Gin
316$Creme fraiche 9 %$Cream, cultured, 9 % fat
317$Agurk, syltet, uden tilsat sukker$Gherkin, pickled, no sugar added
319$Bagegær, presset, rå$Yeast, baker`s, compressed
320$Småkage, vanillekranse$Biscuit, sweet, vanilla flavoured
321$Cheddar, 50+$Cheese, hard, Cheddar, Danish
324$Fiskefars, rå$Fish pudding, raw
325$Rom$Rum
328$Pistacienød, tørret$Pistachio nuts, dried
330$Flødeboller, skumboller$Whipped egg white and sugar with chocolate covering
331$Hirseflager$Millet, flakes
333$Rygeost, 1 % fedt$Cheese, unripened, smoked, 1 % fat
335$Torsk, lever, konserves$Cod, liver, canned
336$Jordbær, dybfrost, usukrede$Strawberries, frozen, unsweetened
337$Snacks, ekspanderet, majsbasis$Snacks, expanded, cornbased
339$Ananasjuice, konserves$Pineapple juice, canned
340$Myseost, 33+$Cheese, whey, Myseost, 33 % fidm.
341$Gruyere, 45+$Cheese, hard, Gruyere, 45 % fidm.
342$Rødkål, konserves, uden tilsat sukker$Cabbage, red, canned, no sugar added
343$Wienerbrød, kringle/stang$Danish pastry, pretzel
344$Sherry, sød$Sherry, sweet
347$Æble, dansk (sort: spartan), råt$Apple, danish (variety: Spartan), raw
348$Figen, tørret$Fig, dried
350$Tranebær, rå$Cranberry, raw
351$Tørkage, linse$Pastry, 'linse'
352$Pop Corn (poppede majskærner)$Pop corn, oil and salt added
356$Wienerbrød, julekage$Danish pastry, christmas cake
358$Spegepølse$Sausage, salami
359$Skærekage, sandkage$Sponge cake, pound cake
364$Kvæde, rå$Quinces, raw
366$Græskar, rå$Pumpkin, raw
367$Dressing, blue cheese$Salad dressing, blue cheese
368$Kinaradise, japanræddike, rå$Radishes, oriental, daikon, Japanese radish, raw
370$Sesamfrø, hele, tørrede$Sesame seeds, whole, dried
371$Oliven, grønne, marinerede, konserves$Olives, green, pickled, canned
372$Tang, agar, tørret$Seaweed, agar, dried
373$Æble, dansk (sort: gråsten), råt$Apple, danish (variety: Gråsten), raw
374$Æble, dansk (sort: stark earliest), råt$Apple, danish (variety: Stark Earliest), raw
375$Knækbrød, rug-, groft$Crispbread, knackebrot, rye, coarse
376$Æble, dansk, råt$Apple, Danish, raw
377$Makaroni, spaghetti, fuldkorns-, rå$Macaroni, spaghetti, whole meal, raw
379$Rugbrød, fuldkorn, importeret$Rye bread, dark, wholemeal, imported
380$Pære, konserves$Pear, canned
381$Majroe, rå$Turnip, raw
383$Bitter, sød, uspec.$BITTER, sweet, all types, average values
384$Bønnespirer, adzuki, rå$Bean, adzuki, sprouted, raw
385$Hirse, hele korn$Millet, whole-grain
386$Pop corn, mikroovn$Pop corn, microwave oven
387$Musling, rå$Mussel, raw
388$Agurk, rå$Cucumber, raw
389$Loquat, japansk mispel, rå$Loquat, raw
390$Cashewnød, olieristet$Cashew nuts, oil roasted
392$Wienerbrød, smørkrans$Danish pastry, butter ring
393$Nøddepasta med cacao, smørepålæg$Nut paste with cacao, spreads
395$Cornflakes, uspec.$Corn flakes, average values
396$Müsli, uspec.$Breakfast cereal, müsli, average values
397$Honningmelon, rå$Melon, honeydew, raw
398$Forloren skildpadde, uspec.$Turtle, fake, average values
401$Tomatjuice, konserves$Tomatojuice, canned
403$Abrikos, konserves, let sukkerlage$Apricot, canned, light syrup pack
404$Agurk, syltet$Gherkin, pickled
405$Appelsinjuice, konserves$Orange juice, canned
406$Kødpølse, fedtreduceret, pålæg$Pork sausage, saveloy type, low fat
407$Druesaft$Grape juice
408$Krebs, rå$Crayfish, raw
409$Majsstivelse$Corn starch
410$Gulerod, konserves$Carrot, canned
412$Kartoffelmos, pulver med tørmælk$Potatoes, mashed, instant powder with dry milk
413$Rugbrød, lyst$Rye bread, light
416$Bitter, jägermeister$Bitter, Jägermeister
417$Salt, bordsalt (jodberiget)$Salt, table
418$Pumpernikkel$Rye bread, dark, pumpernickel
419$Forårsrulle, dybfrost$Spring roll, frozen
421$Abrikos, konserves, uden tilsat sukker$Apricot, canned, no sugar added
422$Græskar, konserves$Pumpkin, canned
423$Ananas, konserves$Pineapple, canned
424$Løg, hakkede, dybfrost$Onions, chopped, frozen
425$Flødeskumskage, lagkagesnitte$Cream pastry, layer cake
426$Krydder$Wheat rusk
427$Tvebakker$Wheat rusk
428$Cayote, Kayote, rå$Chayote fruit, raw
432$Knækbrød, rug-, fint$Crispbread, knackebrot, rye, fine
433$Sennep, gul, færdiglavet$Mustard, yellow, ready made
434$Fersken, konserves$Peach, canned
435$Likør, uspec.$Liqueur, average values
436$Cornflakes, frosted$Corn flakes, frosted
438$Solsikkefrø, afskallede, tørrede$Sunflower seeds, decorticated, dried
439$Sauce, gravad laks$Sauce gravad lax
443$Snacks, ekstruderet, majsbasis$Snacks, extruded, cornbased
444$Havregryn, beriget$Oats, rolled, enriched
447$Netmelon, rå$Muskmelon, raw
451$Tomat, dansk, rå$Tomato, Danish, ripe, raw
452$Mandarin, konserves$Tangerine, canned
454$Rødspætte, filet, paneret, dybfrost$Plaice, fillet, breaded, dybfrost
456$Frugtsaft, blandet, sødet, koncentreret$Fruit juice, mixed, sweetened, concentrated
458$Abrikos, tørret$Apricot, dried
459$Sauce, barbeque$Sauce, barbeque
460$Müsli med tilsat sukker.$Breakfast cereal, Müsli with added sugar
461$Müsli uden tilsat sukker.$Breakfast cereal, Müsli, no sugar added
462$Bondebrød, industrifremstillet$Rye bread, fine with wheat flour, industrially produced
464$Lime, rå$Lime, raw
465$Paradisæble, råt$Crab apple, raw
467$Hyldebærsaft, sur, koncentreret$Elderberry, juice, concentrated, sugar not added
468$Fløde 13 % (UHT)$Cream, 13 % fat (UHT)
469$Frølår, dybfrost$Frog legs, frozen
470$Peber, chili, konserves$Pepper, hot chili, canned
471$Sesamfrø, afskallede$Sesame seed, decorticated
472$Jordbærsaft, sur, koncentreret$Strawberry juice, concentrated, sugar not added
473$Hindbærsaft, sur, koncentreret$Raspberry juice, concentrated, sugar not added
474$Knude, rå$Burbot, raw
475$Kulmule, rå$Hake, raw
476$Flødeskumskage, jordbærkage$Cream pastry, strawberry cake
477$Dressing, mayonnaise, kalorielet$Salad dressing, mayonnaise, low calorie
478$Likør, Curacao$Liqueur, Curacao
479$Salat, Iceberg, rå$Lettuce, iceberg (incl. crisphead types), raw
480$Havregryn, ikke beriget$Oats, rolled, not enriched
481$Ribssaft, sur, koncentreret$Currant, red, juice, concentrated, sugar not added
482$Jordbær, dybfrost, sukrede$Strawberries, frozen, sweetened, whole
483$Fløde 13 %$Cream, 13 % fat
485$Ananas, rå$Pineapple, raw
486$Saccharin$Saccharin
489$Salami$Sausage, salami
490$Ræddike, rå$Radish, white, raw
491$Cantaloupe (melon), rå$Melon, cantaloup, raw
492$Rødbede, konserves, uden tilsat sukker$Beet, red, canned, no sugar added
493$Kødboller, konserves$Meat balls, canned
495$Blæksprutte, rå$Octopus, raw
496$Peberrod, rå$Horse-radish, raw
497$Jordbær i sukkerlage, konserves$Strawberries, canned
498$Grisekød i karrysovs, dybfrost$Pork in curry sauce, frozen
500$Solbærsaft, sur, koncentreret$Currant, black, juice, concentrated, sugar not added
501$Vinbjergssnegle, rå$Snail, edible, raw
502$Gulerod, dybfrost$Carrots, frozen
503$Peberfrugt, konserves$Pepper, sweet, canned
504$Tørkage, kokosmakroner$Pastry, coco macaroon
505$Ispind, vanille$Ice cream, dairy, popsickle, vanilla
506$Nougatis$Ice cream, dairy, nougat
507$Vanilleis$Ice cream, dairy, vanilla
508$Vindruer, grønne (hvide), rå$Grape, green, raw
510$Papaya, mamaja, træmelon, rå$Papaya, pawpaw, raw
511$Sødmælkspulver$Milk, dry, whole, powder
512$Pizza romana, dybfrost$Pizza Romana, frozen
513$Kirsebærsaft, sur, koncentreret$Cherry juice, concentrated, sugar not added
514$Tyttebær, syltede$Lingonberry, jam
515$Pecannød, tørret$Pecans, dried
517$Hytteost, 20+$Cheese, cottage, 20 % fidm.
518$Reje, dybvands-, kogt, dybfrost$Shrimp, boiled, shell removed
519$Kålrabi (kålroe), rå$Swede, raw
520$Frugtkvark$Quark with fruit
521$Æble, importeret, råt$Apple, imported, raw
523$Gulerod, juice, konserves$Carrot juice, canned
524$Abrikos, rå$Apricot, raw
525$Torsk, rogn, konserves$Cod, roe, canned
526$Valle$Whey, sweet, fluid
527$Reje, dybvands-, konserves$Shrimp, canned
528$Blåbær, frosne, usukrede$Blueberry, frozen, unsweetened
529$Hybensaft, sød, koncentreret$Rose hip syrup
533$Daddel, tørret$Date, dried
534$Bouillon, oksekød, terning, spiseklar$Bouillon, beef, cube, prepared
535$Is, 3. farvet$Ice cream, dairy, 3 coloured
537$Te, blade$Tea, leaves
538$Rabarber, dybfrost$Rhubarb, frozen
540$Drueagurk (sylteagurk), rå$Gherkin cucumber, raw
541$Rødtunge, rå$Lemon sole, raw
542$Asier, syltede$Cucumber, large, pickled
544$Julesalat, rå$Chicory, raw
545$Mangofrugt, mangoblomme, mangga, rå$Mangos, raw
546$Ising, rå$Dab, raw
547$Nyre, kalv, rå$Kidney, calf, raw
548$Torsk, filet, paneret, rå$Cod, fillet, breaded, raw
549$Sortmund, blåhvilling, filet, rå$Blue whiting, fillet, raw
550$Lever, gris, i flødesovs, dybfrost$Liver, pig, in cream sauce, frozen
551$Tørkage, uspec.$Pastry, average values
552$Grapefrugt, rå$Grapefruit, raw
553$Hvilling, rå$Whiting, raw
556$Salt, havsalt (ikke jodberiget)$Salt, sea salt (no iodine fortification)
557$Salt, havsalt (jodberiget)$Salt, sea salt
558$Havreklid, dansk$Oat Bran, Danish
559$Gulerod, dansk, rå$Carrot, raw
560$Mandarin, rå$Tangerine, raw
561$Aborre, rå$Perch, raw
562$Torsk, filet, kogt$Cod, fillet, boiled
564$Havkat, rå$Wolffish (catfish), raw
565$Flødeis$Ice cream, dairy (cream based)
566$Hjerte, kalv, råt$Heart, veal, raw
568$Hvide bønner, tørrede, rå$Beans, white, dried, raw
569$Nyre, okse, rå$Kidney, ox, raw
570$Brosme, rå$Torsk, tusk, raw
571$Torsk, filet, røget, med skind$Cod, fillet, smoked, with skin
572$Kaktusfigen, rå$Prickly pear, Indian fig, raw
573$Kinakål, pe-tsai, rå$Cabbage, Chinese or celery, raw
574$Nyre, gris, rå$Kidney, pig, raw
575$Sperling, kød, rå$Norway pout, flesh, raw
577$Tørkage, mazariner$Pastry, frangipani pastry
578$Figen, rå$Figs, raw
579$Carambol, bilimbing, stjernefrugt, rå$Carambola, raw
581$Pighvarre, rå$Turbot, raw
582$Kuller, rå$Haddock, raw
583$Leverpostej, fedtreduceret$Pork, liver paste, Danish, low fat
584$Skrubbe, rå$Flounder, raw
585$Salat, endivie, bredbladet (escarole), rå$Endive (escarole), raw
587$Lyssej, rå$Pollack, raw
588$Skærekage, mazarinkage$Plain cake, frangipani cake
589$Kaviar, uægte (stenbiderrogn)$Caviar, Danish (roe, lump-sucker)
590$Pizza napolitana, dybfrost$Pizza Napolitana, frozen
591$Salat, egeløv, rå$Lettuce, looseleaf, raw
592$Gule ærter (flækærter), rå$Peas, mature, dry, raw
593$Kakifrugt (Sharon), rå$Persimmon, kaki fruit, raw
594$Lange, filet, rå$Ling, fillet, raw
595$Søtunge, rå$Sole, raw
596$Tomat, flået, konserves$Tomato, peeled, canned
597$Kødboller, uspec.$Meat balls, average values
598$Fiskefrikadelle$Fish balls, fried
599$Salat, endivie, kruset (frisee), rå$Endive (frisee), raw
600$Salat, Romaine, romersk, rå$Lettuce, Cos or romaine, raw
601$Sandart, rå$Pikeperch, raw
602$Kartoffelmos, pulver uden tørmælk$Potatoes, mashed, instant powder without dry milk
603$Rødfisk, rå$Redfish, ocean perch, raw
604$Forårsrulle, friturestegt, fastfood$Spring roll, deepfried, fast food
606$Gulerod, importeret, rå$Carrot, raw
607$Torsk, lever, røget$Cod, liver, smoked
608$Torsk, lever, rå$Cod, liver, raw
609$Fersken, rå$Peach, raw
610$Nektarin, rå$Nectarine, raw
611$Gedde, rå$Pike, raw
612$Dressing, olie-eddike, kalorielet$Salad dressing, oil and vinegar, low calorie
613$Melboller, uspec.$Dumplings, average values
614$Squash, alle typer, rå$Squash, all varieties, raw
615$Hvedebrød, groft, kærnebrød$Wheat bread, with whole kernels
616$Avocado, rå$Avocado, raw
617$Hvedeklid$Wheat bran
620$Læskedrik, koncentreret (1+5), tilsat sukker, uspec.$Non-alcoholic beverage, concentrated (1+5), sugar added
621$Rødbede, konserves$Beet, red, canned
622$Brune linser, tørrede, rå$Lentils, brown, dried, raw
624$Tomat, importeret, rå$Tomato, imported, ripe, raw
625$Hummer, kogt$Lobster, boiled
626$Hummer, konserves$Lobster, canned
627$Salat, hovedsalat, rå$Butterhead lettuce (US), cabbage lettuce (UK), raw
628$Margarine, 70 %, bordbrug, blød, vegetabilsk fedt$Margarine, 70 % fat, table use, soft, vegetable fat
629$Rødkål, konserves$Cabbage, red, canned
630$Litchi, lichiblomme, kinesisk blomme, rå$Lychee, raw
631$Pizza, dybfrost, uspec.$Pizza, frozen, average values
632$Granatæble, punisk æble, råt$Pomegranates, raw
633$Guavabær, guajavabær, rå$Guava, common, raw
634$Havkat, plettet, rå$Spotted catfish, fillet, raw
635$Musling, konserves$Mussels, in water, canned
636$Ananaskirsebær, kapstikkelbær, rå$Cape gooseberries, groundcherries, raw
637$Rygeost, 10 % fedt$Cheese, unripened, smoked, 10 % fat
639$Brasen, rå$Bream, raw
641$Hjerte, okse, råt$Heart, beef, raw
643$Paksoi, pak-choi, pai tsai, rå$Cabbage, Chinese, pak-choi, raw
644$Hjerte, gris, råt$Heart, pork, raw
646$Rugbrød med fedtrige frø og kerner, industrifremstillet$Rye bread, dark with high fat seeds and whole kernels, industrially produced
647$Valnød, tørret, rå$Walnuts, dried, raw
649$Asparges, konserves$Asparagus, canned
650$Hvidløg, tørret, pulver$Garlic, dried, powder
651$Pizza med broccoli, dybfrost$Pizza with broccoli, frozen
652$Salat, Radicchio rosso, rå$Chickory, raddichio, raw
653$Æg, høne, tørret$Eggs, chicken, dried
654$Hummer, rå$Lobster, raw
655$Jomfruhummer, rå$Norway lobster, raw
656$Knækbrød, hvede-, grahamstype$Crispbread, knackebrot, wheat, coarse
657$Karry, pulver$Curry powder
658$Rødfisk, lille, filet, rå$Norway haddock, fillet, raw
659$Kartoffel, chips, fedtreducerede$Potato crisps, fatreduced
660$Tungepølse, pålæg$Sausage, tongue sausage, saveloy type
661$Sej, filet, dybfrost$Saithe (UK), pollock (US), fillet, frozen
662$Fløde 18 %$Cream, 18 % fat
663$Voksbønner, konserves$Beans, wax, canned
665$Hvedebrød, groft, fiberbrød$Wheat bread, with wheat bran
666$Skinke, kogt, konserves$Pork, ham, cured, canned
667$Surbrød$Bread, bolted rye and wheat, sour, with caraway seeds
668$Æg, høne, langæg, kogt, dybfrost$Eggs, chicken, long eggs, boiled, frozen
669$Brombær, syltede$Blackberry, jam
670$Mangomarmelade$Marmalade, mango
671$Creme fraiche 18 %$Cream, cultured, 18 % fat
672$Grahamsbrød$Bread, wholemeal
673$Lever, gåse, rå$Liver, goose, raw
674$Salt kød, pålæg$Veal, eye of round, salted, boiled
675$Chokolade, fløde$Chocolate, milk
676$Sigtebrød$Bread, white
677$Hvedebrød, italiensk, store, industrifremstillet$Wheat bread, italien type, industrially produced
679$Miso, sojapasta$Miso, soy paste
680$Grønne bønner, konserves$Beans, green, canned
681$Linser, tørrede, rå$Lentils, dried
682$Kråse, kylling, rå$Gizzard, chicken, raw
683$Knudekål, glaskål, rå$Kohlrabi, raw
685$Brøndkarse, rå$Watercress, raw
686$Dressing, creme fraiche, kalorielet$Salad dressing, soured fresh cream, low calorie
687$Æg, høne, blomme, tørret$Eggs, chicken, yolk, dried
688$Flûte, fint, industrifremstillet$Baguette, wheat, fine, industrially produced
691$Kartoffel, konserves$Potato, canned
692$Paranød, tørret, rå$Brazil nuts, dried, raw
693$Skinke, kogt, skiveskåret$Pork, ham, boiled, sliced
694$Bækforel, rå$Charr, raw
695$Kødboller, dybfrost$Meat balls, frozen
696$Æg, høne, pasteuriseret$Eggs, chicken, pasteurized
699$Kalvekød, helt magert, råt$Veal, lean meat, raw
700$Helleflynder, røget$Halibut, atlantic, smoked
701$Hvedebrød, toastbrød, fint, industrifremstillet$Wheat bread, for toasting, industrially produced
703$Brombær, dybfrost, usukrede$Blackberry, frozen, unsweetened
704$Kokosmel$Coconut meat, desiccated
707$Lammebrissel, rå$Sweatbread, lamb, raw
708$Høne, kød, rå$Chicken, hen, flesh only
709$Ribsgele$Currant, red, jelly
711$Helleflynder, rå$Halibut, atlantic, raw
712$Lever, kylling, rå$Liver, broiler or fryer, raw
713$Ørred, hav-, rå$Trout, raw
714$Batat, sød kartoffel, rå$Sweet potato, raw
715$Bladbede, sølvbede, rå$Chard, swiss, raw
716$Løg, rå$Onion, raw
718$Jordbær, syltede$Strawberry, jam
719$Sapodille (chiku), rå$Sapodilla, raw
720$Kaffe, instant, pulver$Coffee, instant, powder
721$Parmesan, revet$Cheese, hard, Parmesan, grated
722$Hvedebrød, bolle, grov, industrifremstillet$Rolls, wheat with coarse meal, industrially produced
723$Kiwi, rå$Kiwi fruit, raw
724$Skinke, inderlår, helt afpudset, rå$Pork, ham, topside (M. Semimembranosus), lean, raw
726$Kirsebær, syltede$Cherry, canned in sugar
727$Torsk, filet, stegt$Cod, fillet, fried
728$And, kød, rå$Duck, flesh only, raw
729$Kalkun, bryst (filet), kogt/røget, pålæg$Turkey, breast, boiled/smoked, sliced
730$Pizza med tunfisk, dybfrost$Pizza with tuna, frozen
731$Flødeskumskage, kartoffelkage$Cream pastry, kartoffelkage
732$Kalkun, kød, rå$Turkey, flesh only, raw
734$Skinkemignon (lårtunge), helt afpudset, rå$Pork, ham, silverside (M. Semitendinosus), lean, raw
735$Loganbær, frosne$Loganberries, frozen
736$Rugbrød, med sigtet mel (soft) og fedtrige frø, industrifremstillet$Rye bread, with siftings (soft) and high fat seeds, industrially produced
737$Stenbider, rå$Lump, lumpsucker, raw
738$And, brystkød, rå$Duck, breast, flesh only, raw
739$Grisefilet, helt afpudset, rå$Pork, loin, lean, raw
740$Forårsløg, rå$Onions, spring, raw
741$Kikærter, tørrede, rå$Peas, chick/garbanzo, dry, raw
742$Lever, okse, rå$Liver, ox, raw
743$Grisefilet, røget, pålæg$Pork, loin fillet, smoked
744$Tørkage, napoleonshatte$Pastry, napoleon hat
745$Hvedebrød, toastbrød, groft, industrifremstillet$Wheat bread, with coarse meal, for toasting, industrially produced
746$Skinke, yderlår, helt afpudset, råt$Pork, ham, silverside (M. Biceps Femoris), lean, raw
747$Lever, ande, rå$Liver, duck, raw
748$Marcipanprodukt, m/chokolade, uspec.$Marzipanproduct, chocolatecover, average values
749$Hamburgerryg, røget$Pork, saddle, smoked, raw
750$Hamburgerryg, kogt$Pork, saddle, smoked, boiled
751$Tun i tomat, konserves$Tuna, in tomato sauce, canned
752$Savoykål, rå$Cabbage, savoy, raw
753$Asparges, uspec., rå$Asparagus, all types, raw
754$Kylling, bryst (filet), kogt, pålæg$Chicken, breast, boiled, sliced
755$Røde linser, tørrede, rå$Lentils, red, dried, raw
756$Citronskal, rå$Lemon peel, raw
757$Pistacienød, tørristet$Pistachio nuts, dry roasted
760$Kirsebærsaft, sød, koncentreret$Cherry juice, concentrated, sugar added
761$Ribssaft, sød, koncentreret$Currant, red, juice, concentrated, sugar added
762$Hindbærsaft, sød, koncentreret$Raspberry juice, concentrated, sugar added
763$Jordbærsaft, sød, koncentreret$Strawberry juice, concentrated, sugar added
764$Grønne bønner, rå$Beans, green, raw
765$Dild, tørret$Dill weed, dried
766$Pølsebrød$Bread, white, for sausages
767$Selleri, blade, rå$Celeriac, celery leaves, raw
768$Helt, rå$Whitefish, raw
769$Tyttebær, rå$Lingonberry, raw
770$Oksekød, inderlår uden kappe, rå$Beef, topside cap off, raw
771$Grisemørbrad, afpudset, rå$Pork, tenderloin, trimmed, raw
772$Knækbrød, hvede-, fint$Crispbread, knackebrot, wheat, fine
773$Hare, rå$Hare, raw
774$Ørred, regnbue-, rå$Rainbow trout, raw
775$Koriander, frø$Coriander seed
776$Hjerte, høne (kylling), råt$Heart, chicken, raw
777$Grisekød, uspec., magert, råt$Pork, meat, lean, approx. 3 % fat, raw
778$Torsk, rogn, rå$Cod, roe, raw
781$Lever, gris, rå$Liver, pig, raw
782$Blomkål, dybfrost$Cauliflower, frozen
783$Krabbekløer, rå$Crab claws, meat, raw
784$Krabbekløer, konserves$Crab claws, meat, canned
785$Kalkun, kød og skind, rå$Turkey, flesh and skin, raw
786$Grovfranskbrød$Bread, white, coarse grain
787$Marcipan$Marzipan
790$Hvedebrød, kastanjebrød$Wheat bread, white, with cracked chestnuts
791$Hyldebærsaft, sød, koncentreret$Elderberry, juice, concentrated, sugar added
793$Fennikel, frø$Fennel seed
794$Marmelade, engelsk type$Marmalade, English type
795$Kylling, kød, rå$Chicken, flesh only, raw
796$Lammekød, kølle, afpudset, rå$Lamb, leg, defatted, raw
797$Hvalkød, råt$Whale meat, raw
798$Kalvekød, magert, råt$Veal, thin fat, raw
799$Blomkål, dansk, rå$Cauliflower, Danish, raw
800$Krabbe, kogt$Crab, boiled
801$Kartoffel, kogt$Potato, boiled
802$Rype, kød, rå$Ptarmigan, flesh, raw
803$Abrikosmarmelade$Marmalade, apricot
804$Chokolade, fløde, med nødder$Chocolate, milk, with nuts
805$Oksekød, tykstegsfilet uden kappe, rå$Beef, rumpsteak cap off, raw
806$Pinjefrø, tørrede$Pine nuts, pignolias, dried
807$Kanin, kød, rå$Rabbit, flesh only, raw
808$Peber, chili, rå$Pepper, hot chili, raw
812$Sælkød, råt$Seal meat, loin, raw
813$Flûte, groft, industrifremstillet$Baguette, with rye, industrially produced
815$Cashewnød, tørristet$Cashew nuts, dry roasted
816$Hvedebrød, bolle, italiensk type, industrifremstillet$Rolls, italien type, industrially produced
818$Oksekød, uspec., helt magert, råt$Beef, meat, lean (<5 % fat), raw
819$Oksekød, klump uden kappe, rå$Beef, thick flank cap off, raw
821$Kaviar, uægte (lodderogn)$Caviar, made from capelin roe
822$Grønne bønner, dybfrost$Beans, green, frozen
823$Morgenmadsprodukt, Guldkorn$Breakfast cereal, Guldkorn
824$Porre, rå$Leek, raw
825$Tun i vand, konserves$Tuna, in water, canned
826$Reje, dybvands-, kogt$Shrimp, prawn, boiled
827$Flødeskumskage, walesbolle/-kringle$Cream pastry, Wales pretzel
828$Roastbeef, pålæg$Roastbeef, sliced
830$Flødeskumskage, uspec.$Cream pastry, average values
831$Oksekød, mørbrad, afpudset, rå$Beef, fillet, defatted, raw
832$Fårekød, kølle, rå$Mutton, round, raw
833$Frugtpålæg, figen$Fruit paste, figs
835$Koriander, blade, tørrede$Coriander, leaf, dried
836$Hvedebrød, trekornsbrød$Wheat bread, with whole kernels
837$Bondebrød med fedtrige frø, industrifremstillet$Rye bread, fine with wheat flour and high fat seeds, industrially produced
838$Hvedebrød, bolle, fin, industrifremstillet$Rolls, white, industrially produced
839$Kartoffel, chips (franske kartofler)$Potato crisps
840$Appelsinmarmelade$Marmalade, orange
841$Grisekød, bagskank uden svær, rå$Pork, hind leg without rind, raw
842$Ørred, dam-, sø-, rå$Lake trout, raw
843$Spinat, hakket, dybfrost$Spinach, chopped, frozen
844$Fasan, kød, rå$Pheasant, flesh only, raw
845$Yams, rå$Yam, raw
846$Kartoffel, ny (maj til september), rå$Potato, new (May to September), raw
847$Bøfsandwich med salat og dressing, fastfood$Hamburger sandwich with salad and dressing, fast food
848$Æg, and, rå$Egg, duck, whole, raw
854$Tunge, gris, rå$Tongue, pig, raw
855$Kiwimarmelade$Marmalade, kiwi
856$Tunge, gris, saltet$Tongue, pig, cured
857$Isvaffel med vaniljeis, uspec.$Vanilla-icecream, average values
859$Frugtpålæg, uspec.$Fruit paste, average values
860$Due, vildt, kød, rå$Squab (pigeon), flesh, raw
861$Franskbrød$Bread, white
862$Solbærsaft, sød, koncentreret$Currant, black, juice, concentrated, sugar added
863$Hvedebrød, valnøddebrød$Wheat bread, white, with walnuts
864$Peanuts, (jordnød, ristet og saltet)$Nut, pea, oilroasted and salted
866$Brisling, rå$Sprat, raw
867$Koriander, blade, friske$Coriander, leaf, raw
868$Bambusskud, konserves, saltet$Bamboo shoots, canned, salted
869$Bambusskud, konserves, usaltet$Bamboo shoots, canned, nonsalted
870$Oksekød, skank (osso buco), rå$Beef, shin + leg (shank), raw
871$Oksekød, højrebsfilet, afpudset, rå$Beef, striploin cap off, raw
872$Syre (krydderplante), rå$Dock (US), sorrel (UK), raw
874$Kvark, 45+$Cheese, Quarg, 45 % fidm.
875$Æg, gås, rå$Egg, goose, whole, raw
876$Sukker, brun farin$Sugar, brown
877$Kaffe, instant, decaffeinated, pulver$Coffee, instant, decaffeinated, powder
878$Asparges, hvide, rå$Asparagus, white, raw
879$Oksekød, yderlår, råt$Beef, outside, round, raw
880$Rosin uden kerner$Raisin , seedless
881$Solbær, syltede$Currant, black, jam
882$Kylling, ben, kød og skind, rå$Chicken, leg, flesh and skin, raw
884$Solbærmarmelade$Marmalade, black currant
886$Kylling, lår, kød og skind, rå$Chicken, drumstick, flesh and skin, raw
887$Flûte med fedtrige frø, industrifremstillet$Baguette, wheat with rye, high fat seeds, industrially produced
888$Grønkål, dybfrost$Kale, frozen
889$Kørvel, hakket, dybfrost$Chervil, chopped, frozen
891$Oksekød, lårtunge, rå$Beef, eye of round, raw
892$Melbanan, grønsagsbanan, plantain, rå$Plaintain, raw
894$Tyggegummi, med sukker, uspec.$Chewing gum, sugar added, all types
895$Cherimoya, chirimoya, rå$Cherimoya, raw
896$Hellefisk, gravad$Halibut, greenland, gravad
897$Hellefisk, rå$Halibut, greenland, raw
898$Knækbrød, fladbrød$Crispbread, wheat
899$Hvedebrød, sandwich/toastbrød med fedtrige frø, industrifremstillet$Wheat bread, sandwich/toast type, high fat seeds, industrially produced
900$Wienerpølse, konserves$Pork, sausage, frankfurter, canned
901$Grøntsagsjuice, pasteuriseret$Juice, mixed vegetables, pasteurized
902$Kongeål (pighaj), rå$Dogfish, piked, raw
903$Bolcher, blandede$Sweets, boiled
904$Tun, rå$Tuna, raw
905$Kalkunkød, hakket, 0-5% fedt, råt$Turkey, mince, 0-5% fat, raw
906$Likør, kaffe med fløde$Liqueur, coffee with cream
907$Kylling, bryst, kød og skind, rå$Chicken, breast, flesh and skin, raw
908$Nougat$Nougat
909$Oksekød, uspec., magert, råt$Beef, meat, 5-10 % fat, raw
911$Tunge, okse, rå$Tongue, ox, raw
913$Tunge, kalv, saltet$Tongue, calf, cured
914$Broccoli, kogt$Broccoli, boiled
915$Marmelade, uspec.$Marmalade, all types
916$Kirsebærmarmelade$Marmalade, cherry
917$Sild, paneret, stegt, i lage$Herring, breaded, fried, in vinegar with sugar
918$Ispind, vanille med chokoladeovertræk$Ice cream, dairy, popsickle, vanilla with chocolate
921$Laks, atlantisk, vild, konserves$Salmon, Atlantic, wild, canned
922$Tomatketchup, stærk$Tomato ketchup, hot, bottled
923$Hestekød, råt$Horse, meat, raw
924$Sardin, i tomat, konserves$Sardine, in tomato sauce, canned
925$Kyllingepølse, pålæg$Chicken, sausage
927$Champignon, konserves$Mushroom, canned
929$Hvedebrød, solsikkebrød$Wheat bread, white, with sunflower kernels
930$Purløg, rå$Chives, raw
931$Hindbær, dybfrost, rå$Raspberry, frozen
932$Kumquat, guldorange, dværgappelsin, rå$Kumquats, raw
933$Tunge, kalv, rå$Tongue, calf, raw
934$Ispind, limonade$Ice, popsickle, lemonade
935$Yderlår, skinkeculotte, ca. 2 mm spæk, rå$Pork, ham, silverside, 2 mm fat, raw
936$Krydderskinke, udbenet$Pork, ham, spiced, deboned
937$Pastinak, rå$Parsnip, raw
938$Kartoffel, efterår (oktober til januar), rå$Potato, automn (October to January), raw
939$Maniok, kassava, rå$Cassava, raw
940$Oksekød, inderlår med kappe, rå$Beef, topside cap on, raw
941$Remoulade, fedtreduceret, uspec.$Remoulade, fatreduced, average values
942$Oksekød, hakket, 10-15% fedt, råt$Beef, mince, 10-15% fat, raw
943$Tyggegummi, uden sukker, uspec.$Chewing gum, no sugar added, all types
944$Oksekød, mellemskært, råt$Beef, neck, raw
945$Grisekød, hakket, 5-10% fedt, råt$Pork, mince, 5-10% fat, raw
946$Kartoffel, gammel (februar - juni), rå$Potato, old (February to June), raw
947$Broccoli, dybfrost$Broccoli, frozen
948$Klipfisk, rå$Stockfish, cod, split, salted and dried, raw
949$Grisekød, nakkefilet, helt afpudset (Nakkekotelet), rå$Pork, collar, defatted, raw
950$Jordskok, rå$Jerusalem artichoke, raw
952$Likør, kaffe$Liqueur, coffee
955$Gås, kød, rå$Goose, flesh only, raw
956$Rundstykke, spansk$Bread, white, roll
957$Grønkål, konserves$Kale, canned
958$Spinat, konserves$Spinach, canned
959$Kylling, kød og skind, rå$Chicken, flesh and skin, raw
960$Makrel i tomat, konserves$Mackerel, in tomato sauce, canned
961$Champignon, rå$Mushroom, raw
962$Roulade, abrikos-$Swiss roll, apricot stuffing
966$Oksekød, tykstegsfilet med kappe, rå$Beef, rumpsteak cap on, raw
967$Kiks, Marie$Biscuit, sweet
969$Karse, frisk$Cress, garden, raw
970$Bønnespirer, mung, rå$Bean sprouts, mung, raw
971$Lakrids, sød$Liquorice, sweet
972$Hindbærmarmelade$Marmalade, raspberry
973$Yderlår, skinkesteg, med svær, rå$Pork, ham, silverside with rind, raw
975$Gaffelbidder$Herring, pickled, canned
976$Persillerod, rå$Parsley root, raw
977$Vallepulver, tørret$Whey, sweet, dried
978$Bønnespirer, uspec., rå$Bean sprouts, average values, raw
979$Minarine, 30 %, vegetabilsk fedt$Margarine, 30 % fat, vegetable fat
980$Oksekød, tykbov (marvpibebov), rå$Beef, shoulder, ventral part
981$Torsk, rogn, røget$Cod, roe, smoked
982$Medisterpølse, rå$Pork, sausage, Danish, raw
983$Musling, kogt$Mussels, boiled
984$Kalvekød, middelfedt, råt$Veal, medium fat, raw
985$Grisebov med svær, rå$Pork, hand with rind, raw
986$Smørbart blandingsprodukt, 80% fedt$Blended spread, 80% fat
987$Konfektureprodukt, skumvare, uspec.$Marshmellows, unspecified
988$Grisekød, uspec., ca. 10 % fedt, råt$Pork, meat, approx. 10 % fat, raw
989$Sylte$Pork, brawn, head cheese
990$Kylling, vinge, kød og skind, rå$Chicken, wing, flesh and skin, raw
991$Hvedebrød med fedtrige frø, store, industrifremstillet$Wheat bread, high fat seeds, industrially produced
993$Brisling (sardin), i tomat, konserves$Sprat (sardine), in tomato sauce, canned
994$Lammekød, bov, rå$Lamb, shoulder, raw
995$Fasan, kød og skind, rå$Pheasant, flesh and skin, raw
997$Jordbærmarmelade$Marmalade, strawberry
998$Laks, atlantisk, vild, koldrøget$Salmon, Atlantic, wild, cold smoked
1001$Pastiller, sukkerfri, uspec.$Pastilles, sugarfree, unspecified
1002$Hellefisk, røget$Halibut, greenland, smoked
1003$Grisekam uden svær, ca. 3 mm spæk, rå$Pork, loin, defatted (approx. 3 mm fat), raw
1005$Blomkål, importeret, rå$Cauliflower, imported, raw
1006$Fruktose$Fructose
1007$Salt, stensalt, køkkensalt$Salt, block
1008$Karameller, blandede$Toffees, mixed
1009$Mayonnaise$Mayonnaise
1010$Leverpostej$Pork, liver paste, Danish
1011$Æblegele$Apple jelly
1013$Solbærgele$Currant, black, jelly
1014$Grovbolle$Bread, white, roll, coarse grain
1015$Smør, usaltet$Butter, salt not added
1016$Gåsefedt$Goose fat
1017$Lammekød, kølle, med fedt, rå$Lamb, leg with fat, raw
1018$Margarine, 80 %, stegning/bagning, vegetabilsk fedt$Margarine, 80 % fat, for frying/baking, vegetable fat
1019$Oksekød, tykkam, rå$Beef, chuck, raw
1020$Margarine, 80 %, bordbrug, blød, vegetabilsk fedt$Margarine, 80 % fat, table use, soft, vegetable fat
1021$Skinke, røget, kogt$Pork, ham, smoked, boiled
1022$Chokolade, mørk$Chocolate, bitter
1023$Tomatsuppe, spiseklar$Soup, tomato, ready to eat
1024$Sild, marineret, kryddersild$Herring, pickled, spiced, canned
1025$Kødrand, dybfrost$Pork, minced and bound with flour and egg, boiled, frozen
1026$Sild, røget$Herring, smoked
1029$Skinkeculotte (yderlår), ca. 5 mm spæk, råt$Pork, ham, silverside (M. Biceps Femoris), 5 mm rind, raw
1031$Laks, atlantisk, vild, gravad$Salmon, Atlantic, wild, gravad
1032$Margarine, 80 %, bordbrug, vegetabilsk fedt$Margarine, 80 % fat, table use, vegetable fat
1034$Ansjos, marineret, konserves$Anchovy, pickled, canned
1035$Brisling (ansjovis), marineret, konserves$Sprat, pickled, canned
1036$Margarine, 80 %, stegning/bagning, animalsk og vegetabilsk fedt$Margarine, 80 % fat, for frying/baking, animal and vegetable fat
1037$Høne, kød og skind, rå$Chicken, hen, flesh and skin, raw
1038$Margarine, 80 %, bordbrug, animalsk og vegetabilsk fedt$Margarine, 80 % fat, table use, animal and vegetable fat
1040$Oksekød, spidsbryst, råt$Beef, brisket, anterior part, raw
1041$Poulard, kød og skind, rå$Broiler, flesh and skin, raw
1042$Oksekød, tyndbov + mellembov, rå$Beef, shoulder, dorsal part, raw
1043$Skinkepølse, pålæg$Pork, ham sausage
1044$Margarine, gennemsnit$Margarine, (more than 50 % fat), average
1045$Flødeskumskage, gåsebryst$Cream pastry, goose breast
1046$Dressing, italiensk$Salad dressing, Italian
1047$Hvedebrød, bolle, grov, med fedtrige frø, industrifremstillet$Rolls, wheat with coarse meal, high fat seeds, industrially produced
1048$Skummetmælk, økologisk$Milk, skimmed, organic
1049$Skummetmælk$Milk, skimmed
1051$Bambusskud, rå$Bamboo shoots, raw
1052$Smør, saltet$Butter, salt added
1053$Oksekød, uspec., middelfedt, råt$Beef, meat, approx. 15 % fat, raw
1054$Sild, marineret, i madeirasauce$Herring, pickled, in madeira sauce, canned
1055$Passionsfrugt, grenadil, rå$Passion fruit, raw
1056$Pølse, bierwurst$Pork sausage, bierwurst
1057$Syltetøj, uspec.$Jam, fruit, average values
1058$Grisebryst, slag, rullesteg, råt$Pork, flank, raw
1059$Roulade, hindbær-$Swiss roll, raspberry stuffing
1060$Bayonneskinke, udbenet$Pork, ham, bayonne style, deboned
1061$Sukkerært (mangetout), rå$Sugar pea (Snow pea, Mangetout) raw
1062$Roulade, uspec.$Swiss roll, average values
1063$Rundstykke$Bread, roll, danish
1064$Oksekød, culotte, rå$Beef, rump, raw
1065$Lakrids, uspec.$Liquorice, average values
1066$Skummetmælk, 0.5 % fedt$Milk, skimmed, 0.5 % fat
1067$Oksekød, hakket, 15-20% fedt, råt$Beef, mince, 15-20% fat, raw
1068$Kærnemælk med citronsaft$Milk, buttermilk with lemon
1069$Oksekød, tyndsteg med mørbrad, rå$Beef, T-bone steak, raw
1070$Kalv og flæsk, hakket, 15-20% fedt, råt$Veal and pork, mince, 15-20% fat, raw
1071$Flødeskumskage, medalje$Cream pastry, medal
1072$Salat, mayonnaise-, italiensk$Italian mayonnaise salad
1073$Rosenkål, dybfrost$Brussels sprout, frozen
1074$Jagtpølse, pålæg$Pork sausage, jagdwurst
1075$Kaffebønne, ristet, formalet$Coffee bean, roasted, ground
1076$Grisekød, hakket, 15-20% fedt, råt$Pork, mince, 15-20% fat, raw
1077$Grisebryst, kogestykke uden svær, ca. 2 mm spæk, rå$Pork, thin belly, lean, approx. 2 mm rind, raw
1078$Sild, marineret, i karrysauce$Herring, pickled, in curry sauce, canned
1079$Kakao, instant, med mælk, pulver$Cocoa, instant, med milk, powder
1080$Rødspætte, filet, paneret, friturestegt$Plaice, fillet, battered, deepfried
1081$Risklid$Rice bran
1082$Oksekød, tyndstegsfilet med fedtkant, rå$Beef, sirloin, raw
1083$Tørkage, kransekage$Pastry, garland cake
1084$Hvedekim, rå$Wheat germ, raw
1087$Kuller, paneret, stegt$Haddock, breaded, fried
1088$Tun i olie, konserves$Tuna, in oil, canned
1089$Skorzonerrod, rå$Salsify, black, raw
1090$Fårekød, bov, rå$Mutton, shoulder, raw
1091$Kylling, kød og skind, grillstegt$Chicken, flesh and skin, grilled
1092$Chokolade, koge-$Chocolate, plain, couverture
1093$Wienerpølse, kogt, fastfood$Frankfurt sausage, boiled, fast food
1094$Flødeskumskage, napoleonskage$Cream pastry, napoleon cake
1095$Mælkebøtte, blade, rå$Dandelion, leaves, raw
1096$Kanel, stang$Cinnamon stick
1098$Sirup$Syrup, kitchen
1099$Paté, pålæg$Pate, liver
1100$Kantarel, rå$Cantherelle, raw
1101$Kødpølse, pålæg$Pork sausage, saveloy type
1102$Sapote, stor sapodil, rå$Sapotes, raw
1103$Flæskesvær, snacks$Bacon crisps
1104$Malakoffpølse, pålæg$Pork sausage, malakoff
1105$Makrel, filet, naturel, konserves$Mackerel, filet, in natural juices, canned
1106$Ribbensstegssandwich$Sandwich, rib roast
1107$Cacaoskummetmælk$Milk, skimmed, with chocolate
1108$Cacaoskummetmælk (UHT)$Milk, skimmed, with chocolate (UHT)
1109$Oksekød, højrebsfilet med kappe, rå$Beef, striploin cap on, raw
1110$Camembert, 30+$Cheese, Camembert, 30 % fidm.
1111$Lucernespirer, rå$Alfalfa seeds, sprouted, raw
1112$Grisekød, uspec., ca. 20 % fedt, råt$Pork, meat, approx. 20 % fat, raw
1114$Lakrids, salt$Liquorice, salt
1115$Kiks, fuldkorns-, digestivetype$Biscuit, wholemeal, digestive type
1117$Grisekød, mellemkam med svær, rå$Pork, loin with rind, raw
1118$Vingummi$Fruit gums
1120$Brisling (sardin), i olie, konserves$Sprat (sardine), in oil, canned
1121$Sardin, i olie, konserves$Sardine, in oil, canned
1122$Kiks til ost, Cream Crackers$Cream Crackers
1124$Grisebryst, kogestykke med svær, rå$Pork, thin belly with rind, raw
1125$Modermælk, colostrum$Human milk, colostrum
1126$Morgenmadsprodukt, Havrefras$Breakfast cereal, Havrefras
1128$Pølse, cervelatpølse, pålæg$Pork/beef sausage, saveloy type
1131$Mintgele$Mint jelly
1132$Sild, høstsild, fedsild, rå$Herring, autumn, raw
1134$Spædbørnsmad, modermælkserstatning, lavt jernindhold, drikkeklar$
1135$Vekao$Vecao
1136$Medisterpølse, røget$Pork, mettwurst, smoked
1137$Bacon i skiver, rå$Bacon, sliced, raw
1138$Sandwich med skinke og ost, toasted, fastfood$Sandwich with ham and cheese, toasted, fast food
1142$Lucerne, alfalfa, frø$Alfalfa seeds
1143$Wienerpølse$Pork, sausage, frankfurter
1147$Dressing, mayonnaise$Salad dressing, mayonnaise
1148$Rugsigtemel (udmalingsgrad ca. 70 %)$Rye-flour, bolted (extraction rate 70 %)
1149$Oksekød, entrecote med kappe, rå$Beef, entrecote cap on, raw
1150$Kippers i olie, konserves$Kippers, in oil, canned
1152$Spegesild$Herring, salted, ripened
1153$Letmælkskefir$Milk, 1.5 % fat, cultured, kefir
1154$Letmælk, økologisk$Milk, partly skimmed, organic, 1.5 % fat
1156$Dressing, olie-eddike$Salad dressing, oil and vinegar
1157$Muskatnød, hel$Nutmeg, whole
1158$Rullepølse, pålæg$Pork, flank, spiced, cooked
1159$Rosenkål, vinter (januar til april), rå$Brussels sprouts, winter (January to April), raw
1160$Kørvel, rå$Chervil, raw
1161$Pølse, bratwurst, thüringer$Pork sausage, Thüringer bratwurst
1162$Jordnøddesmør$Peanut butter
1163$Pølse, krakowpølse$Pork sausage, polony type
1164$Majs, kerner, konserves$Sweetcorn, kernels, canned
1166$Æble, tørret$Apple, dried
1167$Modermælk, overgangsmælk (10. dag efter fødslen)$Human milk, transitional (10th day post partum)
1169$Yoghurt, med frugt, 1.5 % fedt$Yogurt, with fruit, 1.5 % fat
1170$Leverpølse, kalv, pålæg$Sausage, veal liver sausage
1171$Kalvekød, fedt, råt$Veal, fat, raw
1172$Sprængt nakke, grisekød$Pork, neck, smoked, boiled
1173$Småkage, uspec.$Biscuit, sweet
1174$Fløde 38 %, piskefløde$Cream, whipping, 38 % fat
1176$Honning$Honey
1178$Sojadrik, kommercielt tilberedt, ikke beriget$Beverages, soy, commercially prepared, unfortified
1180$Modermælk, moden$Human milk, mature
1181$Creme fraiche 38 %$Cream, cultured, 38 % fat
1182$Laks, atlantisk, vild, saltet$Salmon, Atlantic, wild, salted
1184$Blodpølse, kogt$Black pudding, boiled
1187$Æg, høne, blomme, saltet, pasteuriseret$Eggs, chicken, yolk, salted, pasteurized
1188$Bækforel, filet, røget$Charr, fillet, smoked
1189$Cacaomælk (UHT)$Milk, with chocolate, partly skimmed, 1.5 % fat (UHT)
1190$Gelatine$Gelatin
1191$Minarine, gennemsnit$Margarine, (less than 50 % fat), average
1192$Wienerpølse, ristet, fastfood$Frankfurt sausage, fried, fast food
1193$Pekannød, olieristet$Pecans, oil roasted
1194$Pecannød, tørristet$Pecans, dry roasted
1195$Minarine, 40 %, vegetabilsk fedt$Margarine, 40 % fat, vegetable fat
1196$Rosenkål, efterår (oktober til december), rå$Brussels sprouts, automn (October to December), raw
1198$Boghvedemel$Buckwheat flour
1199$Gær, tørret$Yeast, dried
1200$Due, vildt, kød og skind, rå$Squab (pigeon), raw
1201$Grisebryst, stegestykke, uden svær, ca. 2 mm spæk, rå$Pork, thick belly, defatted, approx. 2 mm rind, raw
1202$Smelteost, 20+$Cheese, processed, 20 % fidm.
1203$Danbo, 20+$Cheese, firm, Danbo, 20 % fidm.
1204$Tang, kombu, tørret$Seaweed, kombu, dried
1205$Cacaomælk$Milk, with chocolate, partly skimmed, 1.5 % fat
1206$Kakao, instant, uden mælk, pulver$Cocoa, instant, without milk, powder
1207$Gærekstrakt, marmite$Yeast extract, Marmite
1208$Salat, mayonnaise-, karry-$Curry mayonnaise salad
1209$Pommes frites, friturestegt, fastfood$French fries, deepfried, fast food
1210$Æg, blomme, tilsat sukker, pasteuriseret, dybfrost$Egg, hen, yolk, sugar added, pasteurized, frozen
1211$Ost, fast, 20+, alle typer$Cheese, firm, 20 % fidm., all varieties
1213$Dragé, lakrids$Drageé, liquorice
1215$Flødeost, 60+$Cheese, Cream, 60 % fidm.
1216$Tomatpure, koncentreret$Tomato paste, concentrated
1217$Sojabønner, tørrede, rå$Beans, soy, dried, raw
1218$Kødextrakt, terning$Meat extract, cube
1219$Majs, kerner, dybfrost$Sweetcorn, kernels, frozen
1220$Makrel, røget$Mackerel, smoked
1221$Kogt oksebryst, pålæg$Beef brisket, soaked in brine
1223$Dressing, thousand island$Salad dressing, thousand island
1224$Kammerjunkere$Biscuit, sweet
1225$Risengryn, grødris, polerede, rå$Rice groats, raw
1226$Skinke, røget$Pork, ham, smoked
1227$Smelteost, 30+$Cheese, processed, 30 % fidm.
1228$Brie, 45+$Cheese, Brie, 45 % fidm.
1229$Kylling, kød og skind, paneret, friturestegt$Chicken, flesh and skin, battered, deepfried
1230$Æg, høne, blomme, rå$Egg, chicken, yolk, raw
1232$Oksekød, uspec., fedt, råt$Beef, meat, approx. 25 % fat, raw
1233$Oksekød, tyndbryst, råt$Beef, brisket, posterior part, raw
1234$Lammekød, uspec., råt$Lamb, meat, average values, raw
1235$Camembert, 45+$Cheese, Camembert, 45 % fidm.
1236$Kylling, kød og skind, friturestegt$Chicken, flesh and skin, deepfried
1237$Oksekød, tykbryst, råt$Beef, brisket, middle part, raw
1238$Sildepostej$Bucklingpaté (sweet cured herring, smoked)
1240$Boghvedegryn, rå$Buckwheat groats, raw
1243$Feta, 50+$Cheese, semihard, Feta, 50 % fidm
1244$Skummetmælksost, max. 5+$Cheese, firm, skimmed milk, max. 5 % fidm.
1246$Tomatpure$Tomato puree
1248$Ål, rå$Eel, raw
1249$Grisebryst, stegestykke med svær, rå$Pork, thick belly with rind, raw
1250$Remoulade, uspec.$Remoulade, average values
1251$Oksekød, tværreb, råt$Beef, flatribs, raw
1252$Ris, polerede, rå$Rice, polished, raw
1253$Bouillon, oksekød, koncentreret, terning$Bouillon, beef, concentrated, cube
1255$Rismel$Rice flour
1256$Kakao, pulver$Cocoa, powder
1257$Oliven, sorte, saltede, i olie$Olives, ripe, salted, oil-coated
1258$Rugmel, halvsigtet (udmalingsgrad ca. 85 %)$Rye-flour, bolted (extraction rate 85 %)
1259$Danbo, 30+$Cheese, firm, Danbo, 30 % fidm.
1261$Oksekød, slag, råt$Beef, flank, raw
1262$Tomatketchup$Tomato ketchup, bottled
1263$Baked beans i tomatsovs, konserves$Beans, baked i tomato sauce, canned
1265$Sødmælk (UHT)$Milk, whole, 3.5, (UHT), % fat
1266$Sødmælk, økologisk$Milk, whole, organic, 3.5 % fat
1268$Lammekød, rygstykke, råt$Lamb, loin, raw
1269$Grisekød, uspec., fedt, råt$Pork, meat, approx. 32 % fat, raw
1270$Yoghurt med jordbær$Yoghurt with strawberries
1271$Ris, parboiled, rå$Rice, parboiled, raw
1272$Kartoffelmel$Potato flour
1273$Yoghurt med skovbær$Yoghurt with mixed fruits
1274$Ost, fast, 30+, alle typer$Cheese, firm, 30 % fidm., all varieties
1275$Spædbørnsmad, modermælkserstatning, højt jernindhold, pulver$Baby food, infant formula, high iron content, powder
1276$Fersken, tørret$Peach, dried
1277$Camembert, 50+$Cheese, Camembert, 50 % fidm.
1278$Ab-mælk, syrnet sødmælk$Milk, whole, cultured
1279$Tykmælk$Junket
1280$Cultura, syrnet sødmælk (HISTORISK)$Milk, whole, cultured (HISTORIC)
1281$Kefir (HISTORISK)$Milk, cultured, kefir (HISTORIC)
1282$Dragéprodukt, uspec.$Dragée, average values
1284$Yoghurt med peach melba$Yoghurt with peach melba
1286$Yoghurt, sødmælk, med frugt$Yoghurt, whole milk, with fruit
1288$Maribo, 30+$Cheese, firm, Maribo, 30 % fidm.
1289$Yoghurt med pære og banan$Yoghurt with pear and banana
1290$Yoghurt med kirsebær$Yoghurt with cherries
1291$A38, acidophilus tykmælk$Milk, acidophilus cultured
1292$Birkes, frø$Poppy seeds
1294$Bygmel$Barley flour, raw
1295$Pastiller, med sukker, uspec.$Pastilles, sugar added, unspecified
1296$Pasta, kogt$Pasta, boiled
1297$Majsmel$Corn flour
1299$Mozzarella, 30+$Cheese, semihard, Mozzarella, 30 % fidm.
1301$Hvedemel$Wheat flour
1302$Ål, røget$Eel, smoked
1304$Flødeost, 70+$Cheese, Cream, 70 % fidm.
1305$Yoghurt med müsli$Yoghurt with müsli
1307$A38, acidophilus tykmælk, med citronsaft (HISTORISK)$Milk, acidophilus cultured, with lemon (HISTORIC)
1308$Hvedemel, bagerimel$Wheat flour, breadmaking (extraction rate 75%)
1309$Dressing, creme fraiche$Salad dressing, soured fresh cream
1310$Grønne ærter, dybfrost$Peas, green, frozen
1311$Hvedegryn, mannagryn$Semolina
1312$Bagepulver$Baking powder
1313$Brie, 50+$Cheese, Brie, 50 % fidm.
1314$Grønne ærter, konserves$Peas, green, canned
1315$Lammekød, slag, råt$Lamb, flank, raw
1316$Lammekød, bryst, råt$Lamb, breast, raw
1317$Bønnespirer, soja, rå$Beansprouts, soy, raw
1318$Samsø, 30+$Cheese, firm, Samsoe, 30 % fidm.
1320$Gedemælk$Goat milk
1323$Tidselolie$Thistle oil
1334$Theboller o.l. (bløddejsboller)$Rolls, sweet dough type
1335$Hvedekimolie$Wheat germ oil
1345$Bomuldsfrøolie$Oil, cotton seed
1351$Sorbitol$Sorbitol
1355$Palmeolie$Oil, palm
1364$Cacaosmør$Oil, cocoa butter
1377$Palmekerneolie$Palm kernel oil
1380$Jordnøddeolie$Peanut oil
1382$Solsikkeolie$Sunflower oil
1384$Valnøddeolie$Walnut oil
1396$Torsk, levertran$Cod liver oil
1406$Melboller, dybfrost$Dumplings, frozen
1412$Sesamolie$Oil, sesame
1414$Sukker, brunt rørsukker$Sugar, brown cane sugar
1415$Majsolie$Corn oil
1418$Hørfrøolie$Linseed oil
1420$Rugbrød, soft, uden fedtrige frø, uden kerner, industrifremstillet$Rye bread, soft, no high fat seeds, industrially produced
1427$Hvedebrød, italiensk type, stort, detailbageri$Wheat bread, italien type, retail bakery
1429$Vindruekerneolie$Oil, grapeseed
1440$Kokosfedt$Oil, coconut
1454$Levertran (Sej)$Haddock, liver oil
1455$Oksetalg$Fat, beef tallow
1461$Sojaolie$Soyabean oil, refined
1465$Fiskefilet, paneret, friturestegt, fastfood$Fish fillet, breaded, deepfried, fast food
1467$Olivenolie$Olive oil
1483$Rapsolie$Oil, rape seed (no eruca acid)
1518$Quinoa, rå$Quinoa, raw
1521$Hvedebrød, fint, store, industrifremstillet$Wheat bread, white, industrially produced
1522$Hvedebrød, fint, store, detailbageri$Bread, white, large, retail bakery
1523$Hvedebrød, groft, store, industrifremstillet$Wheat bread, with coarse meal, industrially produced
1524$Hvedebrød, groft, store, detailbageri$Wheat bread, large, with coarse meal, retail bakery
1548$Reje, sort tiger-, opdræt, rå, dybfrost$Prawn, giant tiger, aquaculture, raw, frozen
1549$Reje, sort tiger-, opdræt, kogt, dybfrost$Prawn, giant tiger, aquaculture, boiled, frozen
1552$Laks, atlantisk, opdræt, koldrøget$Salmon, Atlantic, aquaculture, cold smoked
1553$Laks, atlantisk, opdræt, varmrøget$Salmon, atlantic, aquaculture, hot smoked
1570$Hvid hvede, melmix$White Wheat, whole grain flour, ready-to-bake
1573$Småkage, hvede, traditionelle danske, industrifremstillet$
1574$Småkage, cookie (amerikansk type), industrifremstillet$
1575$Småkage, havreflager, industrifremstillet$
1576$Småkage, brunkage, industrifremstillet$
1577$Småkage, pebernød, industrifremstillet$
1578$Småkage, klejne, industrifremstillet$
1579$Småkage, med lavt sukkerindhold (sukkerfri, light) industrifremstillet$
1580$Småkage, kokoskager, industrifremstillet$Cookies, coconut, industrially produced
1581$Kage, trøffelprodukt / koldprodukt, industrifremstillet$Cookie, truffle product / unbaked, industrially produced
1582$Kransekage o.l., industrifremstillet$
1584$Babymajs, rå$Sweetcorn, baby, on-the-cob, raw
1585$Pomelo, rå$Pomelo (pommelo
1586$Kiks, rug$Biscuit, rye
1587$Kiks, hvede, sød, med tyk chokolade$Biscuit, wheat, sweet with thick chocolate
1588$Kiks, dobbelte, hvede, søde$Biscuit, double, wheat, sweet
1589$Kiks, havre, søde$Biscuit, oat, sweet
1590$Kiks, havre, søde, med chokolade$Biscuit, oat, sweet with chokolate
1591$Müslibar$
1592$Vafler, blokvafler, blandede vafler, vaffelrør$
1595$Kiks, grov med frugt eller grønt$Biscuit, coarse grain with fruit and vegetables
1596$Skummetmælk, 0.1 % fedt$Milk, skimmed, 0.1 % fat
1597$Yoghurt naturel, 1.5 % fedt$Yogurt plain, low fat, 1.5 % fat
1598$Yoghurt naturel, 0.1 % fedt$Yogurt low fat, 0.1 % fat
1607$Hvid hvede brød, groft, store, detailbageri$Bread, wheat, white wheat, wholw grain, retail bakery
1608$Hvid hvede bolle, grov, industrifremstillet$Rolls, White Wheat, whole grain, industrially produced
1609$Hvid hvede brød, groft, store, industrifremstillet$Bread, wheat, white wheat, wholw grain, industrially produced
1610$Sild, Østersø, uspecificeret, rå$Herring, Baltic Sea, unspecified, raw
1611$Oksekød, hakket, 5-10% fedt, råt$Beef, mince, 5-10% fat, raw
1612$Grisekød, hakket, 10-15% fedt, råt$Pork, mince, 10-15% fat, raw
1613$Kalkunkød, hakket, 5-10% fedt, råt$Turkey, mince, 5-10% fat, raw
1615$Burger med lille bøf, salat og dressing, fastfood$Hamburger, small patty, salad and dressing, fast food
1616$Burger med medium bøf, salat og dressing, fastfood$Hamburger, medium patty, salad and dressing, fast food
1617$Burger med stor bøf, salat og dressing, fastfood$
1618$Burger med bøf og bacon, salat og dressing, fastfood$Hamburger and bacon, salad and dressing, fast food
1619$Burger med bøf og ost, salat og dressing, fastfood$Cheeseburger, salad and dressing, fast food
1620$Burger med bøf, bacon og ost, salat og dressing, fastfood$Hamburger, bacon and cheese, salad and dressing, fast food
1621$Burger med kylling, salat og dressing, fastfood$Hamburger, chicken, salad and dressing, fast food
1622$Sandwich med kylling, salat og dressing, fastfood$Sandwich with chicken, salad and dressing, fast food
1623$Sandwich med kylling og bacon, salat og dressing, fastfood$Sandwich with chicken and bacon, salad and dressing, fast food
1624$Sandwich med skinke og ost, salat og dressing, fastfood$Sandwich, ham and cheese, salad and dressing, fast food
1625$Sandwich med æg / rejer, salat og dressing, fastfood$Sandwich with eggs / shrimp, salad and dressing, fast food
1626$Sandwich med fisk, salat og dressing, fastfood$Sandwich with seafood, salad and dressing, fast food
1627$Sandwich med kebab, salat og dressing, fastfood$Sandwich with kebab, salad and dressing, fast food
1628$Sandwich med ribbenssteg, rødkål og agurk, fastfood$Sandwich with roast pork, red cabbage and cucumber pickles, fast food
1629$Trekantsandwich med kylling og bacon, salat og dressing, fastfood$Triangle sandwich with chicken and bacon, salad and dressing, fast food
1630$Trekantsandwich med skinke og ost, salat og dressing, fastfood$Triangle sandwich with ham and cheese, salad and dressing, fast food
1631$Trekantsandwich med æg, salat og dressing, fastfood$Triangle sandwich with eggs, salad and dressing, fast food
1632$Sandwich med frikadelle, salat og dressing, fastfood$Sandwich with meatball, salad and dressing, fast food
1633$Pitasandwich med kebab, salat og dressing, fastfood$Pita sandwich with kebab, salad and dressing, fast food
1634$Pitasandwich med kylling, salat og dressing, fastfood$Pita sandwich with chicken, salad and dressing, fast food
1635$Pitasandwich med rejer, salat og dressing, fastfood$Pita sandwich with shrimp, salad and dressing, fast food
1636$Pitasandwich med falaffel, salat og dressing, fastfood$Pita sandwich with falaffel, salad and dressing, fast food
1637$Pitasandwich med salat og dressing, fastfood$Pita sandwich with salad and dressing, fast food
1638$Dürumrulle med kebab, salat og dressing, fastfood$Dürüm roll with kebab, salad and dressing, fast food
1639$Pølse med bacon, ristet, fastfood$Bacon-Wrapped Frankfurt sausage, freid, fast food
1640$Fransk hot dog, fastfood$French Hotdog, fast food
1641$Hot dog, almindelig, fastfood$Hotdog, fast food
1642$Pølsemix med pommes frites, fastfood$Frankfurt sausage mix, fried, with frensh fries, fast food
1643$Kebabmix med pommes frites, friturestegt, fastfood$Kebab mix and french fries, deepfried, fast food
1644$Kylling, grillstegt, fastfood$Chicken, grilled, fast food
1645$Kyllingenuggets, friturestegt, fastfood$Chicken nuggets, deepfried, fast food
1646$Pizza med tomat og ost, fastfood$Pizza with tomato and cheese, fast food
1647$Pizza med fisk, tomat og ost, fastfood$Pizza with seafood, tomato and cheese, fast food
1648$Pizza med salami, tomat og ost, fastfood$Pizza with salami, tomato and cheese, fast food
1649$Pizza med grønt og frugt, tomat og ost, fastfood$Pizza with vegetables, fruit, tomato and cheese, fast food
1650$Pizza med kød, tomat og ost, fastfood$Pizza with meat, tomato and cheese, fast food
1651$Pizza med kød og fisk, tomat og ost, fastfood$Pizza with meat and seafood, tomato and cheese, fast food
1652$Fiskefilet, paneret, stegt, delikatesse$Fish fillet, breaded, fried, delicatessens
1653$Tun, gulfinnet, rå$Tuna, yellowfin, raw
1654$Reje, dybvands, kogt, i lage$Shrimp, boiled, in brine
1655$Laks, atlantisk, opdræt, gravad$Salmon, atlantic, aquaculture, gravad
1656$Skrubbe, filet, paneret, rå, dybfrost$Flounder, fillet, breaded, raw, frozen
1657$Fiskepinde, panerede, dybfrost$Fish fingers, breaded, frozen
1658$Laks, atlantisk, opdræt, rå$Salmon, atlantic, aquaculture, raw
1659$Laks, Stillehavs-, vild, rå$Salmon (slå op i fishbase)
1660$Hajmalle, rå, dybfrost$Striped catfish, raw, frozen
1661$Blåmusling, kogt$Blue mussel, boiled
1662$Æg, høne, burhøns, rå$Eggs, chicken, battery hens, raw
1663$Æg, høne, frilands høns, rå$Eggs, chicken, free-range (outdoor) hens, raw
1664$Æg, høne, skrabehøns, rå$Eggs, chicken, free-range hens (indoor), raw
1665$Æg, høne, økologisk drift, rå$Eggs, chicken, organic farming, raw
1666$Æg, høne, kogt, dybfrost$Eggs, chicken, boiled, frozen
1667$Æg, høne, blomme, pasteuriseret$Eggs, chicken, yolk, pasteurized
1668$Æg, høne, røræg, industrifremstillet$Eggs, chicken, scrambled, industrially produced
1669$Æg, høne, røræg mix, industrifremstillet$Eggs, chicken, scrambled eggs mix, industrially produced
1670$Rugbrød, mørkt, industrifremstillet$Rye bread, dark, industrially produced
1671$Rugbrød, fuldkorn, industrifremstillet$Rye bread, dark, whole grains, industrially produced
1672$Hvedebrød, groft, med fedtrige frø, stort, detailbageri$Wheat bread, with coarse meal and high fat seeds, retail bakery
1673$Rugbrød, kun groft rugmel, detailbageri$Rye bread, dark, retail bakery
1674$Rugbrød, kun groft rugmel, med hele kerner, detailbageri$Rye bread, dark, whole grains, retail bakery
1675$Rugbrød, kun groft rugmel, med fedtrige frø, detailbageri$Rye bread, dark, with high fat seeds, retail bakery
1676$Rugbrød, med sigtet mel (soft) og fedtrige frø, detailbageri$Rye bread, with siftings (soft) and high fat seeds, retail bakery
1677$Yoghurt, med frugt, 0.1 % fedt, uden tilsat sukker$Yogurt, with fruit, 0.1 % fat, no sugar added
1679$Hytteost, 5+$Cheese, cottage, 5 % fidm.
1680$Lactose, pulver$Lactose, dry, powder
1681$Yoghurt med frugt, 0.4 % fedt$Yogurt, with fruit, 0.4 % fat
1682$Koldskål$Buttermilk dessert
1683$Milkshake$Milkshake
1684$Smørbart blandingsprodukt, 75% fedt$Blended spread, 75% fat
1685$Smørbart blandingsprodukt, let, 57% fedt$Blended spread, reduced fat, 57% fat
1686$Grisekød, skinkeklump, helt afpudset, rå$Pork, thick flank, completely trimmed, raw
1687$Grisekød, bryst med svær, rå$Pork, thin belly with rind, raw
1688$Grisekød, filet, 0-1 mm fedtkant, rå$Pork, loin, 0-1 mm fat, raw
1689$Grisekød, kæbe, afpudset, rå$Pork, jaw, trimmed, raw
1690$Havredrik, ikke beriget$Oatmilk, unfortified
1691$Risdrik, ikke beriget$Ricemilk, unfortified
1692$Mandeldrik, ikke beriget$Almondmilk, unfortified
1693$Skyr, 0.2 % fedt$Skyr, 0.2 % fat
1697$Kommen, rå$Caraway seed, raw
1698$Spidskommen, rå$Cumin seeds, raw
1699$Tahin, lys$Tahini
1700$Risdrik, tilsat calcium$Ricemilk, with added calcium
1701$Havredrik, tilsat calcium$Oatmilk, with added calcium
1702$Sojadrik, tilsat calcium$Soymilk, with added calcium
1703$Hvedebrød, bolle, italiensk type, detailbageri$Rolls, italien type, retail bakery
1704$Hvedebrød, pitabrød, fint$Wheat bread, pita, white
1708$Havtorn, rå$Sea Buckthorn
1718$Kylling, inderfilet, kød, i lage, rå$Chicken, inner fillet, meat only, in brine, raw
1719$Kylling, brystfilet, kød, i lage, rå$Chicken, breast fillet, meat only, in brine, raw
1720$Frikadelle, stegt, industrifremstillet$Meat balls, fried, industrially produced